Usuarios que tomaron bicicleta: ,0.0,1.0,0.0,1.0,1.0,2.0,1.0,2.0,1.0,0.0,0.0,1.0,0.0,0.0,1.0
Usuarios que esperaron tomar bicicleta: ,0.0,0.0,0.0,0.0,0.0,0.0,0.0,0.0,0.0,0.0,0.0,0.0,0.0,0.0,0.0
Fracc. de usuarios que esperaron tomar bicicleta: ,0.0,0.0,0.0,0.0,0.0,0.0,0.0,0.0,0.0,0.0,0.0,0.0,0.0,0.0,0.0
Tiempo promedio de espera para tomar bicicleta: ,0.0,0.0,0.0,0.0,0.0,0.0,0.0,0.0,0.0,0.0,0.0,0.0,0.0,0.0,0.0
Tiempo que estuvo vac√≠a: ,0.0,0.0,0.0,0.0,0.0,288.7070731800454,0.0,15.559222229477484,0.0,0.0,0.0,0.0,0.0,0.0,0.0
Usuarios que dejaron bicicleta: ,1.0,1.0,0.0,2.0,1.0,1.0,2.0,0.0,0.0,0.0,0.0,1.0,0.0,1.0,1.0
Usuarios que esperaron dejar bicicleta: ,0.0,0.0,0.0,0.0,0.0,0.0,0.0,0.0,0.0,0.0,0.0,0.0,0.0,0.0,0.0
Fracc. de usuarios que esperaron dejar bicicleta: ,0.0,0.0,0.0,0.0,0.0,0.0,0.0,0.0,0.0,0.0,0.0,0.0,0.0,0.0,0.0
Tiempo promedio de espera para dejar bicicleta: ,0.0,0.0,0.0,0.0,0.0,0.0,0.0,0.0,0.0,0.0,0.0,0.0,0.0,0.0,0.0
Tiempo que estuvo llena: ,30.54568740907075,71.53108226030491,0.0,292.89363377118696,216.91768473093452,0.0,324.493547788612,0.0,0.0,0.0,0.0,0.0,0.0,208.1256460825614,233.15085471652543
Balance: ,1.0,0.0,0.0,1.0,0.0,-1.0,1.0,-2.0,-1.0,0.0,0.0,0.0,0.0,1.0,0.0
